Delal Abdullatif,Abzak
Fatma Özlem,Acar
Özde,Acarkan
Atahan,Adanır
Senem,Aksevim
Ayşen,Aksoy
Pekcan,Aksöz
Bedirhan Lütfü,Akşamoğlu
Semina,Aktuna
Eda Sena,Akyıldız
Müyesser,Akyildirim
Selinti,Al
Bahar Özlem,Albaş
İlma,Aldağ
Kutlu,Alibeyoğlu
Nesibe Nurefşan,Alkan
Ömer Buğra,Alparslan
Hiba,Alpuğan
Mazlum,Altan
Elif Tuğçe,Altaş
Ahmet Ruken,Altay
Yaşar Utku Anıl,Altın
Rana,Altınoklu
Fethullah,Altınöz
Burak Tatkan,Altıntaş
Merve Ece,Altıok
Rima,Altıparmak
Elif Dilay,Altinkaya
Sırma Begüm,Altunbaş
Nefse,Altunbulak
Şeyda Nur,Arikan
Zeki Yiğithan,Armutcu
Nunazlı,Arpacı
Ferdacan,Aruca
Şerife,Asil
Mustafa Burhan,Askın
Ilım,Aslantürk
Sevginur,Aşcı
Hayrunnisa,Aşveren
Ateş,Aycı
Zeynep Nihan,Aydınlıoğlu
Kerime,Aydoğan Yozgat
Hami,Aydoğdu
Thomas,Aygen
Güneş,Aykan
Elif Feyza,Ayrım
Uğur Ali,Aysal
Osman Yasin,Aysan
Adem,Ayvacık
Sera Cansın,Azbay
Ali İsmail,Babacan
Ruhugül,Babadostu
Alçiçek,Bad
Memet,Bağcı
Mercan,Bağçivan
Gökay,Bağış
Pırıltı,Bahçeli
Buse Gizem,Berker
Halime,Beydağ
Didem,Bıçaksız
Mihrinaz,Bilal
Lal,Bilgeç
Aleda,Buyuran
Can Güney,Bülbül
Mahmut Bilal,Bülend
Saliha Zeynep,Bülent
Melike Dilara,Büyükfırat
Hayriye,Büyükgüngör
Sebiha,Büyüköztürk
Mehmet,Can Akçaözoğlu
Mehmet Enes,Canan
Kurtbey,Canbağı
Mustafa Taha,Canbek
Sena Nur,Candan
Abdullah Emirhan,Caner
Mustafa Kerem,Cansu
Doktora,Canuyar
Seyit,Ceran
Selma Simge,Ceylan
Aşkım,Chiklyaukova
Özgür,Choi
Tuğce,Cibooğlu
Özer Seçkin,Ciddi
Balkın,Cigerlioğlu
Yücel,Civan
Şansal,Coşan
Oğuzcan,Coşandal
Mayıs,Cumalı
Büşra,Cüce
Afra Selcen,Çağan
Gönül,Çağatay
Doğangün,Çağlar
Elif Ege,Çağlayan
Özen,Çakan
Dilhan,Çakanel
Maral,Çakıcı
Mahire,Çalım
Hacı Bayram Ufuk,Çamaş
Oltun,Çanga
Önel,Çapa
Bayülken,Çaprak
Dilseren,Çarıcı
Elif Beyza,Çark
Elvan,Çatal
Esim,Çaylar
Sena,Çekmecelioğlu
Muhammed Üzeyir,Çekmeci
Aydın Mert,Çelebican
Çağkan,Çelenlioğlu
Zümra,Çelık
Goncagül,Diri
Ziya,Doğramacı
Zehra Pelin,Döger
Seli M Sharef,Dökülmez
Barın,Düşenkalkar
Mehmet Erman,Düzbayır
Cem Efe,Edeş
Erem,Edibali Mp
Volkan Eyüp,Efşin
İbrahim Alp Tekin,Ege
Güngör Erkin,Egeli
Hamıd,Eryıldız
Tunca,Eryılmaz
Arslan,Erzurumlu
Neslihan Buşra,Esat
Lütfiye Sena,Esen
Belin,Esendemir
Rukiye,Esgin
İslam,Eshaqzada
Batıray,Eski
Süheyl,Esvap
Yargı Yekta,Eşe
Elzem,Evrenos
Ilgaz,Eyipişiren
Ongar,Eyyupoğlu
Faik,Ezber
Turan,Fahri
Okbay,Fatih
Latife,Fatin
Eyüp Orhun,Fındık
İrfan Anıl,Fındıkçı
Ertuğ,Furuncuoğlu
Berhudan,Garip
Nihan,Gazitepe
Menekşe,Geben
Şeniz,Geboloğlu
Zeynep Senahan,Geçioğlu
Hayri Anıl,Geçkin
Muazzez Ece,Gemalmaz
Kerem Cahit,Gençoğlu
Melike,Göksoy
Yeşim,Gölmes
Nilüfer,Gönay
Denizhan,Gönül
Şueda,Göreke
Ersin,Görgülü
Şahabettin,Görgüner
Ayşe Elif,Görür
Nazım Berke,Göven
Meltem,Göymen
Abdulhalim,Guguk
Gülten,Güdücü
Işınbıke,Gülcan
Vedia,Gülçin
Hasan Fahri,Gültepe
Öymen,Gümüşsoy
Eylem,Gündüz
Melek Diler,Günel
Argun,Güneri
Mehmet Yekta,Güneyi
Yasemin Erva,Güntek
Günan,Güral
Ahmet Furkan,Hacılar
Fazilet,Hacıoğlu
Kıvılcım,Hadi
Çisil Hazal,Hafız
Feray,Hakverdi
Büşranur,Halaçoğlu
Selin Sıla,Halıcılar
Yeter,Hamamcıoğlu
Ramazan Tarık,Hamarat
Boran,Hamidi
Tazika Hilal,Hamzaoğlu
Aynur Dilan,Hancı
Ayman,Hangül
Berrak,Harman
Erk Deha,Harmankaya
Perihan,Haykır
Turhan Onur,Hırlak
Furkan,Hızarcıoğlu
Mustafa Ali,Hiçyılmam
Muhammed Sefa,Hilal
Argün,Hilmi
Fadik,Himoğlu
Ahmet Hakkı,Hirik
Mustafa Sefa,Hopacı
Toykan,Horata
Selime,Hüner
Sezer,Kalsın
Şensoy,Kalyoncu
Necatı,Kamışlı
Şahan,Kandaşoğlu
Necip Fazıl,Kanlı
Muharrem,Kanmaz
Zeynep Figen,Kantarcı
Çilay,Kapsız
Suna,Karaaslanlı
Ahmet Can,Karabacak
Asya Sema,Karabağ
Gül Sena,Karabıyık
Fatma Büşra,Karabıyıklı
Arca,Karabulut
Abdullatif,Karacabey
Tuğra,Karacan
Emir Doğan,Karaçay
Ümıt,Kavukçu
İshak,Kayacan
Ibrahım,Kayahan
Ödül,Kayalı
Ege Sarp,Kayar
Mahmut Onur,Kayhan
Mimoza,Kaynamış
Cemile,Kazici
Belit,Keçe
Aslı Nur,Kefal
Acun,Keleş
Behçet Kutay,Kerem
Ayşe Merve,Kerigan
Behin,Kerimov
Fatma Hilal,Kesbiç
Nun,Kesgin
Ahmet Mehdi,Keskin
Mehpare,Keteci
Muhammed İkbal,Kevkir
Alaatin,Kılçadır
Hamit,Kıldır
Muktedir,Kılınçarslan
Onur Abdi,Kına
Lokman,Kırbıyık
Mert,Kırgız
Gülenay,Kırış
Mürşide,Kırkpınar
Furkan Fatih,Kırmızı
Hatice Büşra,Kırtaş
Yaşar Fatih Enes,Kırtay
Irazhakkına,Kocabıyık
Yiğithan,Kocademir
İrem Ceren,Koçak
Yusuf Süha,Koçbaba
İptal,Koçsoy
Abdulsamet,Konakoğlu
Mehmet Barış,Kondakcıoğlu
Ahenk,Kontacı
Hayat,Konyar
Yiğit Alperen,Koparan
Güner,Korkmazcan
Berfu İrem,Koşkulu
İlke,Kotan
Ali Ozan,Kovancı
Fatmanur,Koytak
İbrahim Fehmi,Koyunsev
Aslınaz,Kozakçıoğlu
Ataalp,Köçer
Macide,Kökcü
Mustafa,Köken
Aybar,Körmükçü
Sahın,Köse
Tunç,Köybaşı
Ruveyda,Kuday
Gürol,Kudu
Chakan,Kukaracı
Elis,Kul
Selma,Kuloğlu
Hüseyin,Kumru
Acar Oğuztan,Kundakçı
Güney,Kunter
Özge Sıla,Kuntman
Seval,Kurtan
Berna,Kurtuluş
Şerif Erkam,Kutanoglu
Melike Tamara,Kutlay
Ayçağ,Küçükbey
Sadiye,Küçükkase
Ali,Küçükler
Nigar,Külahlıoglu
Gülben,Kürk
Ayşe Ferhunde,Kürkcü
Eralp,Kürüm
Alperen,Küskü
Zehra Sena,Madran
Gündüz,Mağden
Osman Emre,Maldar
Kubat,Malekı Ravasan
Bahar Elçin,Mammadov
Nuelif,Mardanlou
Mehmet Eren,Masaracı
Melis,Masır
Fatıma,Matur
Karaca,Maydagil
Zafer Engin,Memişler
Duygun,Mengüç
Havagül,Mercimekçi
Arif Furkan,Merdan
Halit Can,Mert
Pertev,Metin
Selis,Mezarcı
Galip,Mirzanlı
Tülay Tuğçe,Misoğlu
Ahuse,Mohamed
Barbaros,Molla Ametalı
Lawrence Tezoh,Morbenli
Görkem,Morelli
Gökçin,Namlı
Ülker,Nayman
Eşlem,Nerkis
Nazlı Özüm,Nişancı
Alkız,Numanoğlu
Nimet,Ocalan
İsmail Egecan,Oçar
Kamer,Oduncu
Gencal,Oguz
Kürşat,Oğuz Fp
İrem Başak,Oğuzhan
Ulaş Can,Okan
Tunahan,Okatan
İzel,Okcu
Eliz,Okkaya
Çisil,Okumuş
Kerem Can,Onuş
Keremcan,Oraloğlu
Talip,Orhan
Beste,Orhon
Ismet,Orman
Mustafa Bora,Ozgun
Oğan,Öcal
Ahmet Cihat,Öğredik
Vahide,Ökmen
Murtaza,Ölmezler
Gönen,Önder
Zeynep Tuba,Önen
Günkut,Önoğlu
Faruk Doğukan,Öreroğlu
Günyol Ufuk,Örge
Selimcan,Örs
Raif Anıl,Öter
Okan Deniz,Övül
Mustafa Selman,Öyüş
Aysel,Öz
Ajlan,Özakyol
Ayhan Furkan,Özar
Ebru Ece,Özata
Berfin Elif,Özay
Muhammet,Özaydın
Arda Alan,Özayral
Işılay,Özbey
Emine Tuğçe,Özırk
Mehmet Yüşa,Özkol
Egehan,Özkök
Mustafa Eren,Özkul
İremnur,Özmez
Fahir,Özpak
Ali Ahmet,Özperçin
Eyüpcan,Özperk
Merve Nur,Özpolat
Muhammer,Özsoydan
Arkadaş Necati,Öztaş
Günaydın,Özteker
Zuleyha,Öztemel
Mustafa Oğuzhan,Öztunç
Okcan,Öztürk
Muhammed Emin,Özüberk
Gamzenur,Padak
Muhammed Kerem,Pak
Zeynep Ecehan,Pakdemirli
Şafak,Pakdil
Şükran,Pakkan
Altay,Paksoy
Hicret,Palanko
Nusret,Palut
Ömer,Pamukçu
Mehmet Ziya,Pançar
Aysu,Parlak
Cenap,Paşolar
Ata,Pazar
Simavi,Remzi
Esma Eda,Revan
Utku,Rona
Nurseli,Ruşan
Ali İzzeddin,Samar
Fatma Serra,Sami
Arcan,Saparca
Günnaz,Sar
Simge Nur,Saraçgil
Nesrin Gökçe,Saraçlar
Ayşe Işıl,Saray
Nuece,Sarıaltun
Muhterem,Sarıoğlu
Esengül,Sarıteke
Kanaat,Soyulmaz
Cengizhan,Sökel
Gencay,Söker
Gazanfer,Söylemez
Dorukhan,Sözeri
Hesna Ezgi,Sözüer
Nugaye,Şahin
Buraktan,Şahingöz
Efe Mustafa,Şakarcan
Behiye,Şamlıoğlu
Yeliz,Şenyurd
Ali Tarık,Şerbetçi
Ayşegül Begüm,Tanbaşı
Farshad,Tanış
Güzin Duygu,Tanrıkulu
Ebru Ümmühan,Tarakçı
Numan,Tarhan
Çeliker,Tarlakazan
Tilbe Sunay,Tayfun
İsmail,Tazegül
Oğur,Tecer
Aktaç,Togay
Ahucan,Toğan
Saime Şura,Tokaç
Doğcan,Tokalı
Bilhan,Tokatlıoğlu
Muhammed Bilal,Tokdoğan
Şükrü Özümcan,Toker
Ecenur,Tokgöz
Baysal,Tolunay
Müge,Topal
Dilşah,Topalan
Saliha,Topoyan
Tarcan,Toptan
Rüya Su,Torğutalp
Gülşen Dilan,Torol
Velit,Toygar
Perker,Tufan
Lerzan,Tugrul
Nue,Tuğmen
Yaşar Emre,Tunçay
Aybüke Ayça,Turna
Muhammet Mustafa,Turul
Lalezar,Turunç
İyilem,Tüdeş
İstemi Furkan,Tüfekci
İlsel,Tüfekçioğlu
Muhammed Can,Türkmenoğlu
Mebruke,Türkoğlu
Ümmü Gülsüm,Tüt
Gökböri Mert,Ubay
Zeynep Neslihan,Uçanok
Malik,Uçar
Umut Mert,Uçma
Enginsu,Uğur
Mervegül,Ulaş
Uğur,Uluğ
Caner Hazar,Uluhan
Ayşim,Ulupınar
Arife Gülbiz,Ulusoy
Hatice Berna,Ulutaş
Kuntay,Urgancı
Berra,Urgancıoğlu
Zehranaz,Usanmaz
Ahuela,Usluer
Bedriye Seray,Usta
Alp Dora,Ustabaşı
Gülümse,Usumi
Engin Uğur,Uşak
Gizemnur,Uyu
Kemal Tolga,Uz
Tahsin,Uzun
Ugur Can,Uzundönekoğlu
Arsun,Uzunırmak
Özgecan,Üçler
Sıddıka,Üçtaş
İmran Musavi,Ülgey
Edis,Yalmaç
Alagül,Yalman
Nazım Bircan,Yalova
Ekin Ege,Yamanoğlu
Ayşe Melisa,Yanık
Anıl Görkem,Yapar
Cavit,Yaprak
Gülşah,Yarbas
Gülşen,Yerzhan
Nurettin Hazar,Yeşilçimen
Ali Furkan,Yeşilova
Kolçak,Yıkılmazsoy
Selen Elif,Yıldırımer
Azelya,Yıldızdöken
İbrahim Engin,Yıldızoğlu
Sadri,Yirmibeşcik
Tanberk,Yükselen
Zarife Begüm,Yürük
Ayşe Aylin,Yürükgil
Emre Miraç,Yüzbaşıoğlu Gür
İpek Nazlı,Zabun
Mütesir,Zağlı
Nurfer,Zaptiye
Selin,Zehir
Rabia,Zor